symbol,isin,trade_date,exchange,segment,series,trade_type,auction,quantity,price,trade_id,order_id,order_execution_time,expiry_date
NIFTY2310518200PE,,2023-01-02,NSE,FO,,buy,false,50.000000,119.600000,87090762,1100000015586850,2023-01-02T09:51:32,2023-01-05
NIFTY2310518200PE,,2023-01-02,NSE,FO,,sell,false,50.000000,113.900000,87137544,1100000015649280,2023-01-02T09:54:27,2023-01-05
NIFTY2310518200PE,,2023-01-02,NSE,FO,,buy,false,50.000000,120.000000,87239361,1100000018013947,2023-01-02T10:02:27,2023-01-05
NIFTY2310518200PE,,2023-01-02,NSE,FO,,sell,false,50.000000,110.900000,87281952,1100000018072299,2023-01-02T10:05:18,2023-01-05
NIFTY2310518200PE,,2023-01-02,NSE,FO,,buy,false,50.000000,102.050000,88576567,1100000043294586,2023-01-02T12:34:19,2023-01-05
NIFTY2310518200PE,,2023-01-02,NSE,FO,,sell,false,50.000000,104.800000,88826514,1100000043354780,2023-01-02T13:02:01,2023-01-05
NIFTY2310518200CE,,2023-01-03,NSE,FO,,buy,false,50.000000,74.050000,419474,1000000003782757,2023-01-03T09:22:08,2023-01-05
NIFTY2310518200CE,,2023-01-03,NSE,FO,,sell,false,50.000000,69.000000,565891,1000000003851189,2023-01-03T09:26:13,2023-01-05
NIFTY2310518200PE,,2023-01-03,NSE,FO,,buy,false,50.000000,102.550000,86627564,1100000008760350,2023-01-03T09:30:52,2023-01-05
NIFTY2310518200PE,,2023-01-03,NSE,FO,,sell,false,50.000000,93.950000,86661684,1100000008995563,2023-01-03T09:31:46,2023-01-05
NIFTY2310518200CE,,2023-01-03,NSE,FO,,buy,false,50.000000,81.100000,822313,1000000008400923,2023-01-03T09:33:06,2023-01-05
NIFTY2310518200CE,,2023-01-03,NSE,FO,,sell,false,50.000000,104.800000,1891090,1000000008550079,2023-01-03T10:17:02,2023-01-05
NIFTY2310518100CE,,2023-01-04,NSE,FO,,buy,false,50.000000,89.400000,2571463,1000000021857600,2023-01-04T10:02:45,2023-01-05
NIFTY2310518100CE,,2023-01-04,NSE,FO,,sell,false,50.000000,102.150000,3298773,1000000021926378,2023-01-04T10:28:11,2023-01-05
NIFTY2310518000CE,,2023-01-04,NSE,FO,,buy,false,50.000000,97.300000,9410898,1000000096598656,2023-01-04T14:46:13,2023-01-05
NIFTY2310518000CE,,2023-01-04,NSE,FO,,sell,false,50.000000,90.000000,9468319,1000000096722324,2023-01-04T14:47:27,2023-01-05
NIFTY2310518000CE,,2023-01-04,NSE,FO,,buy,false,50.000000,86.800000,9776103,1000000099931046,2023-01-04T14:53:36,2023-01-05
NIFTY2310518000CE,,2023-01-04,NSE,FO,,sell,false,50.000000,100.200000,10427615,1000000100107137,2023-01-04T15:10:06,2023-01-05
NIFTY2310518000CE,,2023-01-05,NSE,FO,,buy,false,50.000000,75.150000,3735450,1000000027442326,2023-01-05T09:51:38,2023-01-05
NIFTY2310518000CE,,2023-01-05,NSE,FO,,sell,false,50.000000,68.650000,4363804,1000000027615367,2023-01-05T10:07:41,2023-01-05
NIFTY2310518100PE,,2023-01-05,NSE,FO,,buy,false,50.000000,90.600000,89997075,1100000039124789,2023-01-05T10:11:36,2023-01-05
NIFTY2310518100PE,,2023-01-05,NSE,FO,,sell,false,50.000000,76.000000,90107196,1100000039309764,2023-01-05T10:14:04,2023-01-05
NIFTY2311218100CE,,2023-01-06,NSE,FO,,buy,false,50.000000,83.050000,1445384,1000000017497402,2023-01-06T09:50:08,2023-01-12
NIFTY2311218100CE,,2023-01-06,NSE,FO,,sell,false,50.000000,67.000000,1655222,1000000017746131,2023-01-06T09:59:00,2023-01-12
NIFTY2311218000CE,,2023-01-06,NSE,FO,,buy,false,50.000000,95.050000,3592490,1000000053337750,2023-01-06T12:03:36,2023-01-12
NIFTY2311218000CE,,2023-01-06,NSE,FO,,sell,false,50.000000,78.450000,3878961,1000000053430370,2023-01-06T12:29:55,2023-01-12
NIFTY2311218000PE,,2023-01-10,NSE,FO,,buy,false,50.000000,141.650000,92259210,1100000091285716,2023-01-10T13:38:51,2023-01-12
NIFTY2311218000PE,,2023-01-10,NSE,FO,,sell,false,50.000000,131.000000,92672780,1100000091335788,2023-01-10T13:53:43,2023-01-12
NIFTY2311218000CE,,2023-01-11,NSE,FO,,buy,false,50.000000,35.250000,1082804,1000000009160989,2023-01-11T09:30:24,2023-01-12
NIFTY2311218000CE,,2023-01-11,NSE,FO,,sell,false,50.000000,32.350000,1192748,1000000009302075,2023-01-11T09:33:12,2023-01-12
NIFTY2311218000CE,,2023-01-11,NSE,FO,,buy,false,50.000000,38.850000,1396083,1000000012579663,2023-01-11T09:37:59,2023-01-12
NIFTY2311218000CE,,2023-01-11,NSE,FO,,buy,false,50.000000,38.900000,1396084,1000000012579663,2023-01-11T09:37:59,2023-01-12
NIFTY2311218000CE,,2023-01-11,NSE,FO,,sell,false,100.000000,55.700000,1846667,1000000013112559,2023-01-11T09:40:09,2023-01-12
NIFTY2311217900PE,,2023-01-11,NSE,FO,,buy,false,50.000000,66.950000,94008111,1100000107849806,2023-01-11T13:52:48,2023-01-12
NIFTY2311217900PE,,2023-01-11,NSE,FO,,sell,false,50.000000,78.950000,94324568,1100000107934234,2023-01-11T14:05:22,2023-01-12
NIFTY2311217800CE,,2023-01-12,NSE,FO,,buy,false,50.000000,108.800000,2851654,1000000026163533,2023-01-12T09:52:22,2023-01-12
NIFTY2311217800CE,,2023-01-12,NSE,FO,,sell,false,50.000000,99.000000,3253831,1000000026324883,2023-01-12T10:01:52,2023-01-12
NIFTY2311217800CE,,2023-01-12,NSE,FO,,buy,false,50.000000,73.350000,4444032,1000000040160888,2023-01-12T10:23:07,2023-01-12
NIFTY2311217800CE,,2023-01-12,NSE,FO,,sell,false,50.000000,64.350000,4591630,1000000040243227,2023-01-12T10:26:52,2023-01-12
NIFTY2311217800CE,,2023-01-12,NSE,FO,,buy,false,50.000000,44.450000,13666182,1000000130943472,2023-01-12T14:16:49,2023-01-12
NIFTY2311217800CE,,2023-01-12,NSE,FO,,sell,false,50.000000,57.650000,13891209,1000000131124732,2023-01-12T14:18:49,2023-01-12
NIFTY2311917900CE,,2023-01-13,NSE,FO,,buy,false,50.000000,100.600000,2511801,1000000039758867,2023-01-13T11:14:03,2023-01-19
NIFTY2311917900CE,,2023-01-13,NSE,FO,,sell,false,50.000000,94.500000,2542769,1000000039795146,2023-01-13T11:17:14,2023-01-19
NIFTY2311917900CE,,2023-01-13,NSE,FO,,buy,false,50.000000,99.600000,2585443,1000000041236775,2023-01-13T11:22:13,2023-01-19
NIFTY2311917900CE,,2023-01-13,NSE,FO,,sell,false,50.000000,94.000000,2667729,1000000041331818,2023-01-13T11:30:18,2023-01-19
NIFTY2311917800PE,,2023-01-13,NSE,FO,,buy,false,50.000000,103.800000,88737871,1100000053642160,2023-01-13T11:32:08,2023-01-19
NIFTY2311917800PE,,2023-01-13,NSE,FO,,sell,false,50.000000,93.000000,88926460,1100000053823376,2023-01-13T11:54:53,2023-01-19
NIFTY2311917900CE,,2023-01-16,NSE,FO,,buy,false,50.000000,155.450000,1800194,1000000025521921,2023-01-16T10:06:35,2023-01-19
NIFTY2311917900CE,,2023-01-16,NSE,FO,,sell,false,50.000000,148.800000,1809045,1000000025582521,2023-01-16T10:07:07,2023-01-19
NIFTY2311917900PE,,2023-01-16,NSE,FO,,buy,false,50.000000,69.150000,87876999,1100000030219097,2023-01-16T10:08:13,2023-01-19
NIFTY2311917900PE,,2023-01-16,NSE,FO,,sell,false,50.000000,61.900000,87910835,1100000030364493,2023-01-16T10:10:13,2023-01-19
NIFTY2311917900CE,,2023-01-16,NSE,FO,,buy,false,50.000000,157.750000,1895589,1000000026937239,2023-01-16T10:10:43,2023-01-19
NIFTY2311917900CE,,2023-01-16,NSE,FO,,sell,false,50.000000,140.000000,1999210,1000000027045044,2023-01-16T10:16:10,2023-01-19
NIFTY2311917900CE,,2023-01-16,NSE,FO,,buy,false,50.000000,104.650000,3788033,1000000058177985,2023-01-16T12:35:40,2023-01-19
NIFTY2311917900CE,,2023-01-16,NSE,FO,,sell,false,50.000000,101.950000,3938511,1000000058245458,2023-01-16T12:47:50,2023-01-19
NIFTY2311917900PE,,2023-01-16,NSE,FO,,buy,false,50.000000,98.250000,90232471,1100000075737130,2023-01-16T12:50:59,2023-01-19
NIFTY2311917900PE,,2023-01-16,NSE,FO,,sell,false,50.000000,93.000000,90355661,1100000075800460,2023-01-16T13:00:07,2023-01-19
NIFTY23JAN18100PE,,2023-01-20,NSE,FO,,buy,false,50.000000,88.350000,89860539,1100000059817692,2023-01-20T13:45:09,2023-01-25
NIFTY23JAN18100PE,,2023-01-20,NSE,FO,,buy,false,50.000000,88.350000,89860538,1100000059817692,2023-01-20T13:45:09,2023-01-25
NIFTY23JAN18100PE,,2023-01-20,NSE,FO,,sell,false,50.000000,85.200000,89897043,1100000059879136,2023-01-20T13:47:09,2023-01-25
NIFTY23JAN18100PE,,2023-01-20,NSE,FO,,sell,false,50.000000,85.150000,89897044,1100000059879136,2023-01-20T13:47:09,2023-01-25
NIFTY23JAN18100PE,,2023-01-20,NSE,FO,,buy,false,50.000000,84.750000,89942789,1100000061332213,2023-01-20T13:52:48,2023-01-25
NIFTY23JAN18100PE,,2023-01-20,NSE,FO,,buy,false,50.000000,84.850000,89942790,1100000061332213,2023-01-20T13:52:48,2023-01-25
NIFTY23JAN18100PE,,2023-01-20,NSE,FO,,sell,false,100.000000,115.050000,90229716,1100000061379014,2023-01-20T14:00:33,2023-01-25
NIFTY23JAN18200PE,,2023-01-23,NSE,FO,,buy,false,50.000000,103.950000,89192322,1100000041092447,2023-01-23T12:32:42,2023-01-25
NIFTY23JAN18200PE,,2023-01-23,NSE,FO,,sell,false,50.000000,100.000000,89201634,1100000041123435,2023-01-23T12:33:48,2023-01-25
NIFTY23JAN18200PE,,2023-01-23,NSE,FO,,buy,false,50.000000,103.250000,89219410,1100000041554957,2023-01-23T12:36:11,2023-01-25
NIFTY23JAN18200PE,,2023-01-23,NSE,FO,,buy,false,50.000000,103.250000,89219411,1100000041554957,2023-01-23T12:36:11,2023-01-25
NIFTY23JAN18200PE,,2023-01-23,NSE,FO,,sell,false,50.000000,101.750000,90023823,1100000041606613,2023-01-23T13:30:50,2023-01-25
NIFTY23JAN18200PE,,2023-01-23,NSE,FO,,sell,false,50.000000,101.700000,90023824,1100000041606613,2023-01-23T13:30:50,2023-01-25
NIFTY23JAN18200CE,,2023-01-24,NSE,FO,,buy,false,100.000000,55.700000,699608,1000000005860353,2023-01-24T09:31:16,2023-01-25
NIFTY23JAN18200CE,,2023-01-24,NSE,FO,,sell,false,100.000000,53.300000,1320735,1000000005977749,2023-01-24T09:53:35,2023-01-25
NIFTY23JAN18200PE,,2023-01-24,NSE,FO,,buy,false,100.000000,57.900000,87179641,1100000011090696,2023-01-24T09:53:49,2023-01-25
NIFTY23JAN18200PE,,2023-01-24,NSE,FO,,sell,false,100.000000,66.200000,87223172,1100000011291849,2023-01-24T09:53:57,2023-01-25
NIFTY23JAN18100CE,,2023-01-24,NSE,FO,,buy,false,50.000000,93.300000,3066348,1000000034736105,2023-01-24T11:23:27,2023-01-25
NIFTY23JAN18100CE,,2023-01-24,NSE,FO,,buy,false,50.000000,93.250000,3066347,1000000034736105,2023-01-24T11:23:27,2023-01-25
NIFTY23JAN18100CE,,2023-01-24,NSE,FO,,sell,false,100.000000,97.450000,3142690,1000000034787015,2023-01-24T11:30:30,2023-01-25
NIFTY23JAN17900CE,,2023-01-25,NSE,FO,,buy,false,50.000000,60.750000,6717192,1000000051438513,2023-01-25T11:17:32,2023-01-25
NIFTY23JAN17900CE,,2023-01-25,NSE,FO,,sell,false,50.000000,61.250000,6766601,1000000051517636,2023-01-25T11:18:45,2023-01-25
NIFTY23JAN18000PE,,2023-01-25,NSE,FO,,buy,false,100.000000,76.950000,95686501,1100000099207104,2023-01-25T12:53:39,2023-01-25
NIFTY23JAN18000PE,,2023-01-25,NSE,FO,,sell,false,100.000000,92.450000,96049996,1100000099285035,2023-01-25T13:08:37,2023-01-25
NIFTY23JAN17800CE,,2023-01-25,NSE,FO,,buy,false,100.000000,112.900000,12307202,1000000096947549,2023-01-25T13:31:31,2023-01-25
NIFTY23JAN17800CE,,2023-01-25,NSE,FO,,sell,false,50.000000,129.000000,12407407,1000000097198769,2023-01-25T13:32:19,2023-01-25
NIFTY23JAN17800CE,,2023-01-25,NSE,FO,,sell,false,50.000000,129.000000,12407406,1000000097198769,2023-01-25T13:32:19,2023-01-25
NIFTY23JAN17800CE,,2023-01-25,NSE,FO,,buy,false,100.000000,104.050000,15149198,1000000117326497,2023-01-25T14:36:01,2023-01-25
NIFTY23JAN17800CE,,2023-01-25,NSE,FO,,sell,false,100.000000,99.000000,15219047,1000000117463550,2023-01-25T14:36:55,2023-01-25
NIFTY23JAN17800CE,,2023-01-25,NSE,FO,,buy,false,100.000000,106.300000,15412417,1000000118980768,2023-01-25T14:40:24,2023-01-25
NIFTY23JAN17800CE,,2023-01-25,NSE,FO,,sell,false,100.000000,98.650000,15431425,1000000119058084,2023-01-25T14:40:44,2023-01-25
NIFTY23JAN17800CE,,2023-01-25,NSE,FO,,buy,false,50.000000,101.300000,15516414,1000000119583855,2023-01-25T14:41:59,2023-01-25
NIFTY23JAN17800CE,,2023-01-25,NSE,FO,,buy,false,50.000000,101.300000,15516413,1000000119583855,2023-01-25T14:41:59,2023-01-25
NIFTY23JAN17800CE,,2023-01-25,NSE,FO,,sell,false,100.000000,85.000000,15783422,1000000119665473,2023-01-25T14:46:55,2023-01-25
NIFTY23JAN17800CE,,2023-01-25,NSE,FO,,buy,false,50.000000,93.550000,15883434,1000000121810750,2023-01-25T14:48:33,2023-01-25
NIFTY23JAN17800CE,,2023-01-25,NSE,FO,,buy,false,50.000000,93.550000,15883433,1000000121810750,2023-01-25T14:48:33,2023-01-25
NIFTY23JAN17800CE,,2023-01-25,NSE,FO,,sell,false,50.000000,86.950000,16637379,1000000121901236,2023-01-25T15:00:23,2023-01-25
NIFTY23JAN17800CE,,2023-01-25,NSE,FO,,sell,false,50.000000,87.000000,16637378,1000000121901236,2023-01-25T15:00:23,2023-01-25
NIFTY2320218000CE,,2023-01-27,NSE,FO,,buy,false,50.000000,101.450000,1255364,1000000020203622,2023-01-27T09:47:06,2023-02-02
NIFTY2320218000CE,,2023-01-27,NSE,FO,,buy,false,50.000000,101.450000,1255363,1000000020203622,2023-01-27T09:47:06,2023-02-02
NIFTY2320218000CE,,2023-01-27,NSE,FO,,sell,false,50.000000,98.000000,1297154,1000000020285632,2023-01-27T09:50:21,2023-02-02
NIFTY2320218000CE,,2023-01-27,NSE,FO,,sell,false,50.000000,98.000000,1297155,1000000020285632,2023-01-27T09:50:21,2023-02-02
NIFTY2320217900CE,,2023-01-27,NSE,FO,,buy,false,100.000000,123.200000,1552940,1000000025860475,2023-01-27T10:04:40,2023-02-02
NIFTY2320217900CE,,2023-01-27,NSE,FO,,sell,false,100.000000,117.000000,1613046,1000000025942668,2023-01-27T10:09:30,2023-02-02
NIFTY2320217800CE,,2023-01-27,NSE,FO,,buy,false,50.000000,115.600000,3872266,1000000074705389,2023-01-27T12:36:18,2023-02-02
NIFTY2320217800CE,,2023-01-27,NSE,FO,,buy,false,50.000000,115.600000,3872267,1000000074705389,2023-01-27T12:36:18,2023-02-02
NIFTY2320217800CE,,2023-01-27,NSE,FO,,sell,false,100.000000,110.700000,3899399,1000000074756991,2023-01-27T12:37:37,2023-02-02
NIFTY2320217800CE,,2023-01-27,NSE,FO,,buy,false,100.000000,114.250000,4019224,1000000077724335,2023-01-27T12:43:12,2023-02-02
NIFTY2320217800CE,,2023-01-27,NSE,FO,,sell,false,50.000000,110.000000,4219743,1000000077818209,2023-01-27T12:54:50,2023-02-02
NIFTY2320217800CE,,2023-01-27,NSE,FO,,sell,false,50.000000,110.000000,4219744,1000000077818209,2023-01-27T12:54:50,2023-02-02
NIFTY2320217700CE,,2023-01-30,NSE,FO,,buy,false,100.000000,119.850000,3445086,1000000060215828,2023-01-30T11:34:28,2023-02-02
NIFTY2320217700CE,,2023-01-30,NSE,FO,,sell,false,100.000000,117.000000,4257880,1000000060258439,2023-01-30T12:32:17,2023-02-02
NIFTY2320217400PE,,2023-01-30,NSE,FO,,buy,false,100.000000,124.000000,91439412,1100000100266895,2023-01-30T13:16:22,2023-02-02
NIFTY2320217400PE,,2023-01-30,NSE,FO,,sell,false,100.000000,121.450000,91449130,1100000100333129,2023-01-30T13:17:11,2023-02-02
NIFTY2320217400PE,,2023-01-30,NSE,FO,,buy,false,100.000000,115.350000,91519184,1100000101691471,2023-01-30T13:21:38,2023-02-02
NIFTY2320217400PE,,2023-01-30,NSE,FO,,sell,false,100.000000,112.000000,91579562,1100000101761920,2023-01-30T13:26:07,2023-02-02
NIFTY2320217400PE,,2023-01-30,NSE,FO,,buy,false,100.000000,121.800000,91802377,1100000107189684,2023-01-30T13:39:16,2023-02-02
NIFTY2320217400PE,,2023-01-30,NSE,FO,,sell,false,100.000000,127.850000,92440499,1100000107356143,2023-01-30T14:02:47,2023-02-02
NIFTY2320217800CE,,2023-01-31,NSE,FO,,buy,false,50.000000,112.200000,4491633,1000000075115734,2023-01-31T13:25:30,2023-02-02
NIFTY2320217800CE,,2023-01-31,NSE,FO,,buy,false,50.000000,112.200000,4491634,1000000075115734,2023-01-31T13:25:30,2023-02-02
NIFTY2320217800CE,,2023-01-31,NSE,FO,,sell,false,100.000000,108.000000,4520060,1000000075241923,2023-01-31T13:26:43,2023-02-02
NIFTY2320217600PE,,2023-01-31,NSE,FO,,buy,false,100.000000,104.650000,90843782,1100000093214359,2023-01-31T13:30:58,2023-02-02
NIFTY2320217600PE,,2023-01-31,NSE,FO,,sell,false,100.000000,99.000000,90860617,1100000093405036,2023-01-31T13:32:02,2023-02-02
NIFTY2320217800CE,,2023-01-31,NSE,FO,,buy,false,100.000000,111.650000,4727173,1000000079393684,2023-01-31T13:40:10,2023-02-02
NIFTY2320217800CE,,2023-01-31,NSE,FO,,sell,false,50.000000,107.700000,4768883,1000000079569183,2023-01-31T13:41:22,2023-02-02
NIFTY2320217800CE,,2023-01-31,NSE,FO,,sell,false,50.000000,107.700000,4768882,1000000079569183,2023-01-31T13:41:22,2023-02-02
NIFTY2320217600PE,,2023-01-31,NSE,FO,,buy,false,100.000000,96.850000,90981776,1100000096748784,2023-01-31T13:41:42,2023-02-02
NIFTY2320217600PE,,2023-01-31,NSE,FO,,sell,false,100.000000,91.850000,91082087,1100000096875582,2023-01-31T13:47:22,2023-02-02
NIFTY2320217700PE,,2023-02-01,NSE,FO,,buy,false,100.000000,63.200000,90343392,1100000074402505,2023-02-01T11:58:48,2023-02-02
NIFTY2320217700PE,,2023-02-01,NSE,FO,,sell,false,100.000000,64.200000,90449713,1100000074572611,2023-02-01T12:03:42,2023-02-02
NIFTY2320217700PE,,2023-02-01,NSE,FO,,buy,false,100.000000,67.650000,90587118,1100000079103832,2023-02-01T12:12:46,2023-02-02
NIFTY2320217700PE,,2023-02-01,NSE,FO,,sell,false,50.000000,82.500000,90670285,1100000079214512,2023-02-01T12:14:13,2023-02-02
NIFTY2320217700PE,,2023-02-01,NSE,FO,,sell,false,50.000000,82.550000,90670284,1100000079214512,2023-02-01T12:14:13,2023-02-02
NIFTY2320217700CE,,2023-02-01,NSE,FO,,buy,false,50.000000,87.550000,12572165,1000000154486946,2023-02-01T14:15:57,2023-02-02
NIFTY2320217700CE,,2023-02-01,NSE,FO,,buy,false,50.000000,87.550000,12572164,1000000154486946,2023-02-01T14:15:57,2023-02-02
NIFTY2320217700CE,,2023-02-01,NSE,FO,,sell,false,100.000000,82.000000,12581925,1000000154597189,2023-02-01T14:16:16,2023-02-02
NIFTY2320217700CE,,2023-02-01,NSE,FO,,buy,false,50.000000,63.000000,12956979,1000000158649147,2023-02-01T14:23:08,2023-02-02
NIFTY2320217700CE,,2023-02-01,NSE,FO,,buy,false,50.000000,63.000000,12956978,1000000158649147,2023-02-01T14:23:08,2023-02-02
NIFTY2320217700CE,,2023-02-01,NSE,FO,,sell,false,50.000000,59.000000,13081545,1000000158845481,2023-02-01T14:26:08,2023-02-02
NIFTY2320217700CE,,2023-02-01,NSE,FO,,sell,false,50.000000,59.000000,13081544,1000000158845481,2023-02-01T14:26:08,2023-02-02
NIFTY2320217700CE,,2023-02-01,NSE,FO,,buy,false,100.000000,65.000000,13117502,1000000160539139,2023-02-01T14:27:07,2023-02-02
NIFTY2320217700CE,,2023-02-01,NSE,FO,,sell,false,100.000000,59.000000,13143509,1000000160639706,2023-02-01T14:27:43,2023-02-02
NIFTY2320217500PE,,2023-02-01,NSE,FO,,buy,false,100.000000,50.250000,99484613,1100000184382516,2023-02-01T14:42:44,2023-02-02
NIFTY2320217500PE,,2023-02-01,NSE,FO,,sell,false,50.000000,87.300000,99781084,1100000184670307,2023-02-01T14:45:18,2023-02-02
NIFTY2320217500PE,,2023-02-01,NSE,FO,,sell,false,50.000000,87.250000,99781085,1100000184670307,2023-02-01T14:45:18,2023-02-02
NIFTY2320217700PE,,2023-02-02,NSE,FO,,buy,false,100.000000,127.900000,96041862,1100000127018338,2023-02-02T12:26:44,2023-02-02
NIFTY2320217700PE,,2023-02-02,NSE,FO,,sell,false,100.000000,145.800000,96240287,1100000127150233,2023-02-02T12:30:34,2023-02-02
NIFTY2320217500PE,,2023-02-02,NSE,FO,,buy,false,50.000000,23.450000,98805363,1100000161132137,2023-02-02T13:36:50,2023-02-02
NIFTY2320217500PE,,2023-02-02,NSE,FO,,buy,false,50.000000,23.450000,98805362,1100000161132137,2023-02-02T13:36:50,2023-02-02
NIFTY2320217500PE,,2023-02-02,NSE,FO,,sell,false,100.000000,42.450000,99194963,1100000161244395,2023-02-02T13:40:57,2023-02-02
NIFTY2320917700CE,,2023-02-03,NSE,FO,,buy,false,100.000000,107.400000,2833090,1000000040727847,2023-02-03T11:07:14,2023-02-09
NIFTY2320917700CE,,2023-02-03,NSE,FO,,sell,false,50.000000,103.050000,2847018,1000000040825510,2023-02-03T11:08:37,2023-02-09
NIFTY2320917700CE,,2023-02-03,NSE,FO,,sell,false,50.000000,103.000000,2847019,1000000040825510,2023-02-03T11:08:37,2023-02-09
NIFTY2320917500PE,,2023-02-03,NSE,FO,,buy,false,100.000000,83.200000,89223048,1100000054512629,2023-02-03T11:11:09,2023-02-09
NIFTY2320917500PE,,2023-02-03,NSE,FO,,sell,false,100.000000,81.350000,89257580,1100000054634787,2023-02-03T11:12:46,2023-02-09
NIFTY2320917700CE,,2023-02-03,NSE,FO,,buy,false,100.000000,105.100000,2948871,1000000042775766,2023-02-03T11:15:49,2023-02-09
NIFTY2320917700CE,,2023-02-03,NSE,FO,,sell,false,50.000000,102.000000,2958851,1000000042837371,2023-02-03T11:16:42,2023-02-09
NIFTY2320917700CE,,2023-02-03,NSE,FO,,sell,false,50.000000,102.000000,2958852,1000000042837371,2023-02-03T11:16:42,2023-02-09
NIFTY2320917500PE,,2023-02-03,NSE,FO,,buy,false,100.000000,82.550000,89373440,1100000057911436,2023-02-03T11:23:20,2023-02-09
NIFTY2320917500PE,,2023-02-03,NSE,FO,,sell,false,50.000000,89.700000,89624066,1100000058012287,2023-02-03T11:34:36,2023-02-09
NIFTY2320917500PE,,2023-02-03,NSE,FO,,sell,false,50.000000,89.650000,89624067,1100000058012287,2023-02-03T11:34:36,2023-02-09
NIFTY2320917700CE,,2023-02-03,NSE,FO,,buy,false,100.000000,111.300000,3717695,1000000055039387,2023-02-03T12:01:07,2023-02-09
NIFTY2320917700CE,,2023-02-03,NSE,FO,,sell,false,50.000000,133.650000,4399545,1000000055108308,2023-02-03T12:41:03,2023-02-09
NIFTY2320917700CE,,2023-02-03,NSE,FO,,sell,false,50.000000,133.600000,4399546,1000000055108308,2023-02-03T12:41:03,2023-02-09
NIFTY2320917700PE,,2023-02-06,NSE,FO,,buy,false,100.000000,75.400000,88085648,1100000031323192,2023-02-06T10:15:52,2023-02-09
NIFTY2320917700PE,,2023-02-06,NSE,FO,,sell,false,100.000000,101.100000,88383283,1100000031418972,2023-02-06T10:25:24,2023-02-09
NIFTY2320917800CE,,2023-02-07,NSE,FO,,buy,false,100.000000,97.000000,363161,1000000003796855,2023-02-07T09:21:34,2023-02-09
NIFTY2320917800CE,,2023-02-07,NSE,FO,,sell,false,50.000000,92.800000,670437,1000000003870684,2023-02-07T09:29:22,2023-02-09
NIFTY2320917800CE,,2023-02-07,NSE,FO,,sell,false,50.000000,92.800000,670438,1000000003870684,2023-02-07T09:29:22,2023-02-09
NIFTY2320917800CE,,2023-02-07,NSE,FO,,buy,false,50.000000,73.550000,1267985,1000000014610210,2023-02-07T09:47:11,2023-02-09
NIFTY2320917800CE,,2023-02-07,NSE,FO,,buy,false,50.000000,73.600000,1267986,1000000014610210,2023-02-07T09:47:11,2023-02-09
NIFTY2320917800CE,,2023-02-07,NSE,FO,,sell,false,50.000000,72.050000,1378540,1000000014696693,2023-02-07T09:52:12,2023-02-09
NIFTY2320917800CE,,2023-02-07,NSE,FO,,sell,false,50.000000,72.050000,1378541,1000000014696693,2023-02-07T09:52:12,2023-02-09
NIFTY2320917800CE,,2023-02-07,NSE,FO,,buy,false,100.000000,81.000000,1966369,1000000025201624,2023-02-07T10:37:06,2023-02-09
NIFTY2320917800CE,,2023-02-07,NSE,FO,,sell,false,100.000000,81.600000,2324429,1000000025236023,2023-02-07T10:53:32,2023-02-09
NIFTY2320917700PE,,2023-02-07,NSE,FO,,buy,false,100.000000,62.000000,88416997,1100000033333822,2023-02-07T10:56:02,2023-02-09
NIFTY2320917700PE,,2023-02-07,NSE,FO,,sell,false,100.000000,62.000000,88549276,1100000033441046,2023-02-07T11:03:43,2023-02-09
NIFTY2320917800CE,,2023-02-07,NSE,FO,,buy,false,100.000000,77.000000,2498179,1000000031358363,2023-02-07T11:04:29,2023-02-09
NIFTY2320917800CE,,2023-02-07,NSE,FO,,sell,false,100.000000,76.650000,2641561,1000000031400143,2023-02-07T11:19:03,2023-02-09
NIFTY2320917700PE,,2023-02-07,NSE,FO,,buy,false,50.000000,59.650000,88705505,1100000038119493,2023-02-07T11:20:39,2023-02-09
NIFTY2320917700PE,,2023-02-07,NSE,FO,,buy,false,50.000000,59.700000,88705506,1100000038119493,2023-02-07T11:20:39,2023-02-09
NIFTY2320917700PE,,2023-02-07,NSE,FO,,sell,false,100.000000,84.350000,89542557,1100000038177815,2023-02-07T12:19:43,2023-02-09
NIFTY2320917700CE,,2023-02-07,NSE,FO,,buy,false,50.000000,80.900000,4603547,1000000058714331,2023-02-07T13:16:17,2023-02-09
NIFTY2320917700CE,,2023-02-07,NSE,FO,,buy,false,50.000000,80.900000,4603548,1000000058714331,2023-02-07T13:16:17,2023-02-09
NIFTY2320917700CE,,2023-02-07,NSE,FO,,sell,false,100.000000,84.550000,4671650,1000000058806319,2023-02-07T13:21:13,2023-02-09
NIFTY2320917700CE,,2023-02-07,NSE,FO,,buy,false,50.000000,106.100000,6868292,1000000088137911,2023-02-07T15:05:48,2023-02-09
NIFTY2320917700CE,,2023-02-07,NSE,FO,,buy,false,50.000000,106.150000,6868293,1000000088137911,2023-02-07T15:05:48,2023-02-09
NIFTY2320917700CE,,2023-02-07,NSE,FO,,sell,false,100.000000,103.000000,6983063,1000000088198936,2023-02-07T15:11:35,2023-02-09
NIFTY2320917800PE,,2023-02-08,NSE,FO,,buy,false,100.000000,61.250000,87080651,1100000010415096,2023-02-08T09:37:13,2023-02-09
NIFTY2320917800PE,,2023-02-08,NSE,FO,,sell,false,50.000000,59.000000,87165527,1100000010504724,2023-02-08T09:40:12,2023-02-09
NIFTY2320917800PE,,2023-02-08,NSE,FO,,sell,false,50.000000,59.000000,87165528,1100000010504724,2023-02-08T09:40:12,2023-02-09
NIFTY2320917800PE,,2023-02-08,NSE,FO,,buy,false,100.000000,57.350000,87444945,1100000014641916,2023-02-08T09:49:36,2023-02-09
NIFTY2320917800PE,,2023-02-08,NSE,FO,,sell,false,100.000000,54.000000,87695891,1100000014742942,2023-02-08T09:58:21,2023-02-09
NIFTY2320917800PE,,2023-02-08,NSE,FO,,buy,false,50.000000,51.200000,88142899,1100000021949778,2023-02-08T10:09:30,2023-02-09
NIFTY2320917800PE,,2023-02-08,NSE,FO,,buy,false,50.000000,51.200000,88142900,1100000021949778,2023-02-08T10:09:30,2023-02-09
NIFTY2320917800PE,,2023-02-08,NSE,FO,,sell,false,100.000000,62.650000,88266729,1100000022137335,2023-02-08T10:10:43,2023-02-09
NIFTY2320917800PE,,2023-02-08,NSE,FO,,buy,false,100.000000,51.200000,90033247,1100000044417363,2023-02-08T11:07:41,2023-02-09
NIFTY2320917800PE,,2023-02-08,NSE,FO,,sell,false,50.000000,48.000000,90061295,1100000044481078,2023-02-08T11:09:48,2023-02-09
NIFTY2320917800PE,,2023-02-08,NSE,FO,,sell,false,50.000000,48.000000,90061294,1100000044481078,2023-02-08T11:09:48,2023-02-09
NIFTY2320917800CE,,2023-02-08,NSE,FO,,buy,false,100.000000,92.800000,4681676,1000000045174104,2023-02-08T11:11:36,2023-02-09
NIFTY2320917800CE,,2023-02-08,NSE,FO,,sell,false,100.000000,90.000000,4690653,1000000045223929,2023-02-08T11:12:06,2023-02-09
NIFTY2320917800CE,,2023-02-08,NSE,FO,,buy,false,100.000000,94.800000,4748091,1000000046032580,2023-02-08T11:15:50,2023-02-09
NIFTY2320917800CE,,2023-02-08,NSE,FO,,sell,false,100.000000,90.900000,4771435,1000000046121161,2023-02-08T11:17:25,2023-02-09
NIFTY2320917800PE,,2023-02-08,NSE,FO,,buy,false,100.000000,49.650000,90190958,1100000046499998,2023-02-08T11:18:01,2023-02-09
NIFTY2320917800PE,,2023-02-08,NSE,FO,,sell,false,100.000000,46.400000,90216804,1100000046574310,2023-02-08T11:19:27,2023-02-09
NIFTY2320917800CE,,2023-02-08,NSE,FO,,buy,false,50.000000,97.850000,4845990,1000000047238274,2023-02-08T11:21:11,2023-02-09
NIFTY2320917800CE,,2023-02-08,NSE,FO,,buy,false,50.000000,97.850000,4845991,1000000047238274,2023-02-08T11:21:11,2023-02-09
NIFTY2320917800CE,,2023-02-08,NSE,FO,,sell,false,50.000000,95.450000,4854077,1000000047329342,2023-02-08T11:21:26,2023-02-09
NIFTY2320917800CE,,2023-02-08,NSE,FO,,sell,false,50.000000,95.400000,4854078,1000000047329342,2023-02-08T11:21:26,2023-02-09
NIFTY2320917900PE,,2023-02-08,NSE,FO,,buy,false,100.000000,84.400000,91140104,1100000058060832,2023-02-08T12:05:23,2023-02-09
NIFTY2320917900PE,,2023-02-08,NSE,FO,,sell,false,100.000000,95.700000,91354135,1100000058151066,2023-02-08T12:12:23,2023-02-09
NIFTY2320917800CE,,2023-02-08,NSE,FO,,buy,false,100.000000,89.750000,6859566,1000000070196280,2023-02-08T12:49:41,2023-02-09
NIFTY2320917800CE,,2023-02-08,NSE,FO,,sell,false,50.000000,89.550000,6926426,1000000070240829,2023-02-08T12:55:51,2023-02-09
NIFTY2320917800CE,,2023-02-08,NSE,FO,,sell,false,50.000000,89.500000,6926427,1000000070240829,2023-02-08T12:55:51,2023-02-09
NIFTY2320917900PE,,2023-02-08,NSE,FO,,buy,false,100.000000,97.650000,92119311,1100000071358368,2023-02-08T12:57:36,2023-02-09
NIFTY2320917900PE,,2023-02-08,NSE,FO,,sell,false,100.000000,93.000000,92137317,1100000071409000,2023-02-08T12:59:04,2023-02-09
NIFTY2320917800CE,,2023-02-08,NSE,FO,,buy,false,100.000000,105.000000,7362121,1000000076736379,2023-02-08T13:20:51,2023-02-09
NIFTY2320917800CE,,2023-02-08,NSE,FO,,sell,false,100.000000,101.000000,7853454,1000000076836090,2023-02-08T13:36:16,2023-02-09
NIFTY2320917900PE,,2023-02-08,NSE,FO,,buy,false,100.000000,79.950000,93223437,1100000086184679,2023-02-08T13:52:36,2023-02-09
NIFTY2320917900PE,,2023-02-08,NSE,FO,,sell,false,100.000000,74.000000,93368111,1100000086344750,2023-02-08T14:01:59,2023-02-09
NIFTY2320917900PE,,2023-02-08,NSE,FO,,buy,false,100.000000,79.350000,93436478,1100000089712221,2023-02-08T14:06:32,2023-02-09
NIFTY2320917900PE,,2023-02-08,NSE,FO,,sell,false,50.000000,76.000000,93476480,1100000089789216,2023-02-08T14:09:00,2023-02-09
NIFTY2320917900PE,,2023-02-08,NSE,FO,,sell,false,50.000000,76.000000,93476481,1100000089789216,2023-02-08T14:09:00,2023-02-09
NIFTY2320917900PE,,2023-02-08,NSE,FO,,buy,false,50.000000,70.550000,94117314,1100000099161871,2023-02-08T14:40:21,2023-02-09
NIFTY2320917900PE,,2023-02-08,NSE,FO,,buy,false,50.000000,70.600000,94117315,1100000099161871,2023-02-08T14:40:21,2023-02-09
NIFTY2320917900PE,,2023-02-08,NSE,FO,,sell,false,100.000000,66.000000,94152690,1100000099280215,2023-02-08T14:42:03,2023-02-09
NIFTY2320917700CE,,2023-02-09,NSE,FO,,buy,false,50.000000,106.650000,2099790,1000000014401636,2023-02-09T09:42:39,2023-02-09
NIFTY2320917700CE,,2023-02-09,NSE,FO,,buy,false,50.000000,106.650000,2099789,1000000014401636,2023-02-09T09:42:39,2023-02-09
NIFTY2320917700CE,,2023-02-09,NSE,FO,,sell,false,100.000000,102.000000,2123200,1000000014513996,2023-02-09T09:43:08,2023-02-09
NIFTY2320917900PE,,2023-02-09,NSE,FO,,buy,false,100.000000,100.400000,88901391,1100000023442707,2023-02-09T09:52:44,2023-02-09
NIFTY2320917900PE,,2023-02-09,NSE,FO,,sell,false,100.000000,92.000000,88958268,1100000023535244,2023-02-09T09:54:32,2023-02-09
NIFTY2320917800CE,,2023-02-09,NSE,FO,,buy,false,100.000000,94.900000,6237459,1000000053325624,2023-02-09T11:29:17,2023-02-09
NIFTY2320917800CE,,2023-02-09,NSE,FO,,sell,false,50.000000,92.900000,6330983,1000000053564789,2023-02-09T11:30:53,2023-02-09
NIFTY2320917800CE,,2023-02-09,NSE,FO,,sell,false,50.000000,92.850000,6330984,1000000053564789,2023-02-09T11:30:53,2023-02-09
NIFTY2320917900PE,,2023-02-09,NSE,FO,,buy,false,50.000000,44.900000,92669776,1100000058377300,2023-02-09T11:32:51,2023-02-09
NIFTY2320917900PE,,2023-02-09,NSE,FO,,buy,false,50.000000,44.950000,92669777,1100000058377300,2023-02-09T11:32:51,2023-02-09
NIFTY2320917900PE,,2023-02-09,NSE,FO,,sell,false,100.000000,44.800000,92816173,1100000058428918,2023-02-09T11:38:36,2023-02-09
NIFTY2320917900PE,,2023-02-09,NSE,FO,,buy,false,100.000000,50.600000,92877501,1100000060480419,2023-02-09T11:41:13,2023-02-09
NIFTY2320917900PE,,2023-02-09,NSE,FO,,sell,false,100.000000,49.700000,93053972,1100000060559632,2023-02-09T11:47:30,2023-02-09
NIFTY2320917800CE,,2023-02-09,NSE,FO,,buy,false,100.000000,81.250000,6777773,1000000058865488,2023-02-09T11:48:45,2023-02-09
NIFTY2320917800CE,,2023-02-09,NSE,FO,,sell,false,50.000000,75.700000,6876404,1000000058927853,2023-02-09T11:52:15,2023-02-09
NIFTY2320917800CE,,2023-02-09,NSE,FO,,sell,false,50.000000,75.650000,6876405,1000000058927853,2023-02-09T11:52:15,2023-02-09
NIFTY2320917900PE,,2023-02-09,NSE,FO,,buy,false,100.000000,52.900000,93279090,1100000064798744,2023-02-09T11:56:39,2023-02-09
NIFTY2320917900PE,,2023-02-09,NSE,FO,,sell,false,50.000000,59.700000,93456873,1100000064882408,2023-02-09T12:01:59,2023-02-09
NIFTY2320917900PE,,2023-02-09,NSE,FO,,sell,false,50.000000,59.700000,93456874,1100000064882408,2023-02-09T12:01:59,2023-02-09
NIFTY2320917900PE,,2023-02-09,NSE,FO,,buy,false,100.000000,61.850000,93603850,1100000067975693,2023-02-09T12:07:26,2023-02-09
NIFTY2320917900PE,,2023-02-09,NSE,FO,,sell,false,100.000000,62.100000,93640576,1100000068140236,2023-02-09T12:08:00,2023-02-09
NIFTY2320917700CE,,2023-02-09,NSE,FO,,buy,false,50.000000,152.400000,7430043,1000000065149680,2023-02-09T12:11:32,2023-02-09
NIFTY2320917700CE,,2023-02-09,NSE,FO,,buy,false,50.000000,152.400000,7430042,1000000065149680,2023-02-09T12:11:32,2023-02-09
NIFTY2320917700CE,,2023-02-09,NSE,FO,,sell,false,50.000000,144.450000,7457180,1000000065274161,2023-02-09T12:12:25,2023-02-09
NIFTY2320917700CE,,2023-02-09,NSE,FO,,sell,false,50.000000,144.450000,7457179,1000000065274161,2023-02-09T12:12:25,2023-02-09
NIFTY2320917900PE,,2023-02-09,NSE,FO,,buy,false,50.000000,70.750000,95541364,1100000086927280,2023-02-09T13:02:35,2023-02-09
NIFTY2320917900PE,,2023-02-09,NSE,FO,,buy,false,50.000000,70.750000,95541365,1100000086927280,2023-02-09T13:02:35,2023-02-09
NIFTY2320917900PE,,2023-02-09,NSE,FO,,sell,false,100.000000,66.000000,95775125,1100000088121979,2023-02-09T13:12:16,2023-02-09
NIFTY2321617800PE,,2023-02-10,NSE,FO,,buy,false,100.000000,86.350000,86680851,1100000008838100,2023-02-10T09:32:33,2023-02-16
NIFTY2321617800PE,,2023-02-10,NSE,FO,,sell,false,50.000000,88.400000,87333904,1100000008985583,2023-02-10T09:53:20,2023-02-16
NIFTY2321617800PE,,2023-02-10,NSE,FO,,sell,false,50.000000,88.400000,87333905,1100000008985583,2023-02-10T09:53:20,2023-02-16
NIFTY2321617800PE,,2023-02-10,NSE,FO,,buy,false,100.000000,90.000000,87816651,1100000026905814,2023-02-10T10:22:43,2023-02-16
NIFTY2321617800PE,,2023-02-10,NSE,FO,,sell,false,100.000000,86.000000,87829482,1100000026969033,2023-02-10T10:23:54,2023-02-16
NIFTY2321617800PE,,2023-02-10,NSE,FO,,buy,false,100.000000,89.900000,87853297,1100000027623011,2023-02-10T10:26:10,2023-02-16
NIFTY2321617800PE,,2023-02-10,NSE,FO,,sell,false,100.000000,87.000000,87864156,1100000027688490,2023-02-10T10:27:19,2023-02-16
NIFTY2321617900CE,,2023-02-10,NSE,FO,,buy,false,100.000000,73.900000,1882686,1000000022154776,2023-02-10T10:28:22,2023-02-16
NIFTY2321617900CE,,2023-02-10,NSE,FO,,sell,false,50.000000,69.150000,1915432,1000000022208097,2023-02-10T10:31:00,2023-02-16
NIFTY2321617900CE,,2023-02-10,NSE,FO,,sell,false,50.000000,69.150000,1915433,1000000022208097,2023-02-10T10:31:00,2023-02-16
NIFTY2321617800PE,,2023-02-10,NSE,FO,,buy,false,100.000000,90.000000,87922827,1100000029253674,2023-02-10T10:33:28,2023-02-16
NIFTY2321617800PE,,2023-02-10,NSE,FO,,sell,false,100.000000,86.000000,87947594,1100000029318712,2023-02-10T10:37:02,2023-02-16
NIFTY2321617800CE,,2023-02-14,NSE,FO,,buy,false,50.000000,100.750000,2053254,1000000023144059,2023-02-14T10:29:18,2023-02-16
NIFTY2321617800CE,,2023-02-14,NSE,FO,,buy,false,50.000000,100.750000,2053255,1000000023144059,2023-02-14T10:29:18,2023-02-16
NIFTY2321617800CE,,2023-02-14,NSE,FO,,sell,false,50.000000,98.150000,2068145,1000000023189406,2023-02-14T10:30:53,2023-02-16
NIFTY2321617800CE,,2023-02-14,NSE,FO,,sell,false,50.000000,98.100000,2068146,1000000023189406,2023-02-14T10:30:53,2023-02-16
NIFTY2321617800CE,,2023-02-14,NSE,FO,,buy,false,50.000000,100.150000,2076472,1000000023606508,2023-02-14T10:32:08,2023-02-16
NIFTY2321617800CE,,2023-02-14,NSE,FO,,buy,false,50.000000,100.200000,2076473,1000000023606508,2023-02-14T10:32:08,2023-02-16
NIFTY2321617800CE,,2023-02-14,NSE,FO,,sell,false,50.000000,100.000000,2114100,1000000023624755,2023-02-14T10:35:51,2023-02-16
NIFTY2321617800CE,,2023-02-14,NSE,FO,,sell,false,50.000000,100.000000,2114099,1000000023624755,2023-02-14T10:35:51,2023-02-16
NIFTY2321617800PE,,2023-02-14,NSE,FO,,buy,false,100.000000,56.150000,87893092,1100000022785597,2023-02-14T10:42:25,2023-02-16
NIFTY2321617800PE,,2023-02-14,NSE,FO,,sell,false,50.000000,54.850000,87900214,1100000022818056,2023-02-14T10:43:18,2023-02-16
NIFTY2321617800PE,,2023-02-14,NSE,FO,,sell,false,50.000000,54.850000,87900213,1100000022818056,2023-02-14T10:43:18,2023-02-16
NIFTY2321617800CE,,2023-02-14,NSE,FO,,buy,false,100.000000,102.400000,2190059,1000000025291653,2023-02-14T10:44:42,2023-02-16
NIFTY2321617800CE,,2023-02-14,NSE,FO,,sell,false,100.000000,100.000000,2247801,1000000025337536,2023-02-14T10:48:43,2023-02-16
NIFTY2321617800PE,,2023-02-14,NSE,FO,,buy,false,100.000000,58.450000,87998739,1100000024108977,2023-02-14T10:50:06,2023-02-16
NIFTY2321617800PE,,2023-02-14,NSE,FO,,sell,false,100.000000,55.550000,88136076,1100000024203585,2023-02-14T11:04:15,2023-02-16
NIFTY2321617800CE,,2023-02-14,NSE,FO,,buy,false,100.000000,100.400000,2434497,1000000028753256,2023-02-14T11:04:59,2023-02-16
NIFTY2321617800CE,,2023-02-14,NSE,FO,,sell,false,50.000000,104.650000,2681059,1000000028870429,2023-02-14T11:22:23,2023-02-16
NIFTY2321617800CE,,2023-02-14,NSE,FO,,sell,false,50.000000,104.650000,2681058,1000000028870429,2023-02-14T11:22:23,2023-02-16
NIFTY2321617900PE,,2023-02-14,NSE,FO,,buy,false,50.000000,98.000000,88405609,1100000029263590,2023-02-14T11:28:11,2023-02-16
NIFTY2321617900PE,,2023-02-14,NSE,FO,,buy,false,50.000000,98.000000,88405608,1100000029263590,2023-02-14T11:28:11,2023-02-16
NIFTY2321617900PE,,2023-02-14,NSE,FO,,sell,false,100.000000,94.000000,88505913,1100000029336928,2023-02-14T11:36:23,2023-02-16
NIFTY2321617900PE,,2023-02-14,NSE,FO,,buy,false,100.000000,70.600000,90349892,1100000053131936,2023-02-14T13:46:34,2023-02-16
NIFTY2321617900PE,,2023-02-14,NSE,FO,,sell,false,100.000000,69.100000,90359914,1100000053161578,2023-02-14T13:47:48,2023-02-16
NIFTY2321617900CE,,2023-02-14,NSE,FO,,buy,false,100.000000,82.000000,5112254,1000000062121034,2023-02-14T13:48:31,2023-02-16
NIFTY2321617900CE,,2023-02-14,NSE,FO,,sell,false,100.000000,95.750000,5509375,1000000062187680,2023-02-14T14:03:59,2023-02-16
NIFTY2321618000PE,,2023-02-15,NSE,FO,,buy,false,100.000000,102.200000,89039303,1100000028329617,2023-02-15T10:32:33,2023-02-16
NIFTY2321618000PE,,2023-02-15,NSE,FO,,sell,false,100.000000,97.000000,89058735,1100000028414204,2023-02-15T10:33:25,2023-02-16
NIFTY2321617800CE,,2023-02-15,NSE,FO,,buy,false,50.000000,145.200000,3333187,1000000028037191,2023-02-15T10:37:41,2023-02-16
NIFTY2321617800CE,,2023-02-15,NSE,FO,,buy,false,50.000000,145.150000,3333186,1000000028037191,2023-02-15T10:37:41,2023-02-16
NIFTY2321617800CE,,2023-02-15,NSE,FO,,sell,false,100.000000,150.550000,3438910,1000000028074596,2023-02-15T10:43:09,2023-02-16
NIFTY2321618000PE,,2023-02-15,NSE,FO,,buy,false,100.000000,99.350000,89262711,1100000030971381,2023-02-15T10:45:20,2023-02-16
NIFTY2321618000PE,,2023-02-15,NSE,FO,,sell,false,100.000000,97.600000,89293301,1100000031024988,2023-02-15T10:47:02,2023-02-16
NIFTY2321617800CE,,2023-02-15,NSE,FO,,buy,false,100.000000,152.100000,3611855,1000000031163414,2023-02-15T10:53:31,2023-02-16
NIFTY2321617800CE,,2023-02-15,NSE,FO,,sell,false,100.000000,142.700000,3657481,1000000031209657,2023-02-15T10:57:01,2023-02-16
NIFTY2321618000PE,,2023-02-15,NSE,FO,,buy,false,100.000000,102.000000,89433889,1100000032847900,2023-02-15T10:57:43,2023-02-16
NIFTY2321618000PE,,2023-02-15,NSE,FO,,sell,false,100.000000,96.000000,89518651,1100000032899349,2023-02-15T11:04:20,2023-02-16
NIFTY2321618000PE,,2023-02-15,NSE,FO,,buy,false,50.000000,98.950000,92178660,1100000064783119,2023-02-15T13:42:23,2023-02-16
NIFTY2321618000PE,,2023-02-15,NSE,FO,,sell,false,50.000000,94.000000,92341246,1100000064830646,2023-02-15T13:49:38,2023-02-16
NIFTY2321617900CE,,2023-02-15,NSE,FO,,buy,false,50.000000,82.900000,7718680,1000000076260997,2023-02-15T14:33:13,2023-02-16
NIFTY2321617900CE,,2023-02-15,NSE,FO,,sell,false,50.000000,99.000000,8138819,1000000076323085,2023-02-15T14:41:36,2023-02-16
NIFTY2321618100CE,,2023-02-16,NSE,FO,,buy,false,100.000000,29.200000,345561,1000000001371339,2023-02-16T09:16:20,2023-02-16
NIFTY2321618100CE,,2023-02-16,NSE,FO,,sell,false,100.000000,45.450000,1412100,1000000001669778,2023-02-16T09:25:09,2023-02-16
NIFTY23FEB18000CE,,2023-02-17,NSE,FO,,buy,false,50.000000,90.000000,587110,1000000006129599,2023-02-17T09:26:37,2023-02-23
NIFTY23FEB18000CE,,2023-02-17,NSE,FO,,buy,false,50.000000,90.000000,587109,1000000006129599,2023-02-17T09:26:37,2023-02-23
NIFTY23FEB18000CE,,2023-02-17,NSE,FO,,sell,false,100.000000,103.400000,1140979,1000000006282199,2023-02-17T09:41:04,2023-02-23
NIFTY23FEB18000PE,,2023-02-17,NSE,FO,,buy,false,50.000000,102.400000,87900005,1100000026283241,2023-02-17T10:16:50,2023-02-23
NIFTY23FEB18000PE,,2023-02-17,NSE,FO,,buy,false,50.000000,102.400000,87900004,1100000026283241,2023-02-17T10:16:50,2023-02-23
NIFTY23FEB18000PE,,2023-02-17,NSE,FO,,sell,false,100.000000,100.500000,87961818,1100000026353939,2023-02-17T10:18:47,2023-02-23
NIFTY23FEB18000PE,,2023-02-17,NSE,FO,,buy,false,100.000000,95.100000,88171459,1100000030709052,2023-02-17T10:34:09,2023-02-23
NIFTY23FEB18000PE,,2023-02-17,NSE,FO,,sell,false,50.000000,90.000000,88204904,1100000030768286,2023-02-17T10:38:26,2023-02-23
NIFTY23FEB18000PE,,2023-02-17,NSE,FO,,sell,false,50.000000,90.000000,88204903,1100000030768286,2023-02-17T10:38:26,2023-02-23
NIFTY23FEB18000CE,,2023-02-17,NSE,FO,,buy,false,100.000000,106.850000,2602237,1000000031326868,2023-02-17T10:42:00,2023-02-23
NIFTY23FEB18000CE,,2023-02-17,NSE,FO,,sell,false,50.000000,103.350000,2647360,1000000031462603,2023-02-17T10:47:38,2023-02-23
NIFTY23FEB18000CE,,2023-02-17,NSE,FO,,sell,false,50.000000,103.400000,2647359,1000000031462603,2023-02-17T10:47:38,2023-02-23
NIFTY23FEB18000PE,,2023-02-17,NSE,FO,,buy,false,100.000000,93.750000,88271461,1100000033024372,2023-02-17T10:48:20,2023-02-23
NIFTY23FEB18000PE,,2023-02-17,NSE,FO,,sell,false,100.000000,91.550000,88923262,1100000033088353,2023-02-17T11:48:55,2023-02-23
NIFTY23FEB18000CE,,2023-02-17,NSE,FO,,buy,false,50.000000,98.350000,3302588,1000000044725438,2023-02-17T12:02:30,2023-02-23
NIFTY23FEB18000CE,,2023-02-17,NSE,FO,,buy,false,50.000000,98.300000,3302587,1000000044725438,2023-02-17T12:02:30,2023-02-23
NIFTY23FEB18000CE,,2023-02-17,NSE,FO,,sell,false,50.000000,93.900000,3365540,1000000044786519,2023-02-17T12:10:47,2023-02-23
NIFTY23FEB18000CE,,2023-02-17,NSE,FO,,sell,false,50.000000,94.000000,3365539,1000000044786519,2023-02-17T12:10:47,2023-02-23
NIFTY23FEB18000PE,,2023-02-17,NSE,FO,,buy,false,100.000000,99.950000,89112121,1100000048671622,2023-02-17T12:11:43,2023-02-23
NIFTY23FEB18000PE,,2023-02-17,NSE,FO,,sell,false,100.000000,116.950000,89925673,1100000048798905,2023-02-17T12:55:11,2023-02-23
NIFTY23FEB18000CE,,2023-02-17,NSE,FO,,buy,false,100.000000,73.700000,4476276,1000000062479153,2023-02-17T13:17:30,2023-02-23
NIFTY23FEB18000CE,,2023-02-17,NSE,FO,,sell,false,100.000000,70.750000,4647117,1000000062560429,2023-02-17T13:32:19,2023-02-23
NIFTY23FEB17900CE,,2023-02-17,NSE,FO,,buy,false,100.000000,119.150000,4765605,1000000067342888,2023-02-17T13:37:18,2023-02-23
NIFTY23FEB17900CE,,2023-02-17,NSE,FO,,sell,false,100.000000,110.000000,4831097,1000000067397670,2023-02-17T13:40:32,2023-02-23
NIFTY23FEB17900CE,,2023-02-17,NSE,FO,,buy,false,100.000000,111.850000,4971684,1000000070217643,2023-02-17T13:45:43,2023-02-23
NIFTY23FEB17900CE,,2023-02-17,NSE,FO,,sell,false,50.000000,110.250000,5257556,1000000070297954,2023-02-17T14:03:34,2023-02-23
NIFTY23FEB17900CE,,2023-02-17,NSE,FO,,sell,false,50.000000,110.250000,5257557,1000000070297954,2023-02-17T14:03:34,2023-02-23
NIFTY23FEB17900CE,,2023-02-17,NSE,FO,,buy,false,50.000000,115.750000,5266521,1000000075515629,2023-02-17T14:04:16,2023-02-23
NIFTY23FEB17900CE,,2023-02-17,NSE,FO,,buy,false,50.000000,115.750000,5266520,1000000075515629,2023-02-17T14:04:16,2023-02-23
NIFTY23FEB17900CE,,2023-02-17,NSE,FO,,sell,false,50.000000,110.650000,5282153,1000000075635317,2023-02-17T14:05:36,2023-02-23
NIFTY23FEB17900CE,,2023-02-17,NSE,FO,,sell,false,50.000000,110.600000,5282154,1000000075635317,2023-02-17T14:05:36,2023-02-23
NIFTY23FEB17900CE,,2023-02-17,NSE,FO,,buy,false,50.000000,113.450000,5384810,1000000077433029,2023-02-17T14:11:34,2023-02-23
NIFTY23FEB17900CE,,2023-02-17,NSE,FO,,buy,false,50.000000,113.500000,5384811,1000000077433029,2023-02-17T14:11:34,2023-02-23
NIFTY23FEB17900CE,,2023-02-17,NSE,FO,,sell,false,100.000000,111.000000,5873951,1000000077555544,2023-02-17T14:42:53,2023-02-23
NIFTY23FEB18000PE,,2023-02-20,NSE,FO,,buy,false,100.000000,104.800000,86410532,1100000004760886,2023-02-20T09:21:15,2023-02-23
NIFTY23FEB18000PE,,2023-02-20,NSE,FO,,sell,false,100.000000,130.000000,86778350,1100000004895894,2023-02-20T09:31:10,2023-02-23
NIFTY23FEB17900CE,,2023-02-21,NSE,FO,,buy,false,100.000000,74.950000,432460,1000000003881520,2023-02-21T09:21:52,2023-02-23
NIFTY23FEB17900CE,,2023-02-21,NSE,FO,,sell,false,100.000000,71.000000,486064,1000000004061985,2023-02-21T09:23:21,2023-02-23
NIFTY23FEB17900CE,,2023-02-21,NSE,FO,,buy,false,100.000000,74.450000,573152,1000000005720112,2023-02-21T09:26:50,2023-02-23
NIFTY23FEB17900CE,,2023-02-21,NSE,FO,,sell,false,50.000000,77.500000,749429,1000000005825954,2023-02-21T09:32:09,2023-02-23
NIFTY23FEB17900CE,,2023-02-21,NSE,FO,,sell,false,50.000000,77.450000,749430,1000000005825954,2023-02-21T09:32:09,2023-02-23
NIFTY23FEB17900PE,,2023-02-21,NSE,FO,,buy,false,100.000000,91.400000,86714283,1100000008757372,2023-02-21T09:35:23,2023-02-23
NIFTY23FEB17900PE,,2023-02-21,NSE,FO,,sell,false,100.000000,110.400000,86970236,1100000008894640,2023-02-21T09:40:20,2023-02-23
NIFTY23FEB17900PE,,2023-02-21,NSE,FO,,buy,false,50.000000,86.550000,89200877,1100000042227978,2023-02-21T11:56:19,2023-02-23
NIFTY23FEB17900PE,,2023-02-21,NSE,FO,,buy,false,50.000000,86.550000,89200876,1100000042227978,2023-02-21T11:56:19,2023-02-23
NIFTY23FEB17900PE,,2023-02-21,NSE,FO,,sell,false,100.000000,83.000000,89211622,1100000042286317,2023-02-21T11:57:28,2023-02-23
NIFTY23FEB17900PE,,2023-02-21,NSE,FO,,buy,false,50.000000,88.550000,89339264,1100000044146746,2023-02-21T12:05:17,2023-02-23
NIFTY23FEB17900PE,,2023-02-21,NSE,FO,,buy,false,50.000000,88.550000,89339263,1100000044146746,2023-02-21T12:05:17,2023-02-23
NIFTY23FEB17900PE,,2023-02-21,NSE,FO,,sell,false,100.000000,100.450000,89685395,1100000044325700,2023-02-21T12:20:29,2023-02-23
NIFTY23FEB17700PE,,2023-02-22,NSE,FO,,buy,false,50.000000,43.700000,86588430,1100000004568236,2023-02-22T09:20:34,2023-02-23
NIFTY23FEB17700PE,,2023-02-22,NSE,FO,,buy,false,50.000000,43.700000,86588429,1100000004568236,2023-02-22T09:20:34,2023-02-23
NIFTY23FEB17700PE,,2023-02-22,NSE,FO,,sell,false,100.000000,41.950000,86695987,1100000004693834,2023-02-22T09:22:19,2023-02-23
NIFTY23FEB17700PE,,2023-02-22,NSE,FO,,buy,false,100.000000,45.100000,86863162,1100000007843045,2023-02-22T09:27:02,2023-02-23
NIFTY23FEB17700PE,,2023-02-22,NSE,FO,,sell,false,100.000000,41.000000,86893578,1100000007985056,2023-02-22T09:27:43,2023-02-23
NIFTY23FEB17800PE,,2023-02-22,NSE,FO,,buy,false,100.000000,99.050000,87328529,1100000013835312,2023-02-22T09:41:54,2023-02-23
NIFTY23FEB17800PE,,2023-02-22,NSE,FO,,sell,false,100.000000,119.800000,87698560,1100000014106444,2023-02-22T09:46:29,2023-02-23
NIFTY23FEB17700CE,,2023-02-22,NSE,FO,,buy,false,50.000000,42.850000,4572849,1000000041535619,2023-02-22T11:48:41,2023-02-23
NIFTY23FEB17700CE,,2023-02-22,NSE,FO,,buy,false,50.000000,42.850000,4572850,1000000041535619,2023-02-22T11:48:41,2023-02-23
NIFTY23FEB17700CE,,2023-02-22,NSE,FO,,sell,false,50.000000,41.350000,4786569,1000000041598645,2023-02-22T12:01:19,2023-02-23
NIFTY23FEB17700CE,,2023-02-22,NSE,FO,,sell,false,50.000000,41.350000,4786568,1000000041598645,2023-02-22T12:01:19,2023-02-23
NIFTY23FEB17700CE,,2023-02-22,NSE,FO,,buy,false,200.000000,43.200000,4840387,1000000044897175,2023-02-22T12:06:20,2023-02-23
NIFTY23FEB17700CE,,2023-02-22,NSE,FO,,sell,false,200.000000,41.000000,4886978,1000000044919318,2023-02-22T12:10:07,2023-02-23
NIFTY2330217500PE,,2023-02-22,NSE,FO,,buy,false,100.000000,76.250000,172963913,1200000028241022,2023-02-22T12:17:04,2023-03-02
NIFTY2330217500PE,,2023-02-22,NSE,FO,,buy,false,100.000000,76.300000,172963914,1200000028241022,2023-02-22T12:17:04,2023-03-02
NIFTY2330217500PE,,2023-02-22,NSE,FO,,sell,false,200.000000,73.900000,172968046,1200000028268007,2023-02-22T12:18:40,2023-03-02
NIFTY2330217500PE,,2023-02-22,NSE,FO,,buy,false,50.000000,76.400000,172982581,1200000028980562,2023-02-22T12:23:41,2023-03-02
NIFTY2330217500PE,,2023-02-22,NSE,FO,,buy,false,50.000000,76.400000,172982582,1200000028980562,2023-02-22T12:23:41,2023-03-02
NIFTY2330217500PE,,2023-02-22,NSE,FO,,buy,false,100.000000,76.400000,172982583,1200000028980562,2023-02-22T12:23:41,2023-03-02
NIFTY2330217500PE,,2023-02-22,NSE,FO,,sell,false,50.000000,81.900000,173003315,1200000029018451,2023-02-22T12:29:08,2023-03-02
NIFTY2330217500PE,,2023-02-22,NSE,FO,,sell,false,150.000000,81.900000,173003316,1200000029018451,2023-02-22T12:29:08,2023-03-02
NIFTY23FEB17400CE,,2023-02-23,NSE,FO,,buy,false,100.000000,144.250000,1221143,1000000007570785,2023-02-23T09:26:06,2023-02-23
NIFTY23FEB17400CE,,2023-02-23,NSE,FO,,sell,false,100.000000,137.800000,1268498,1000000007721705,2023-02-23T09:26:56,2023-02-23
NIFTY23FEB17400CE,,2023-02-23,NSE,FO,,buy,false,100.000000,127.400000,1643908,1000000010924868,2023-02-23T09:32:09,2023-02-23
NIFTY23FEB17400CE,,2023-02-23,NSE,FO,,sell,false,100.000000,122.000000,1682506,1000000011022780,2023-02-23T09:32:45,2023-02-23
NIFTY23FEB17400PE,,2023-02-23,NSE,FO,,buy,false,100.000000,18.150000,88094821,1100000017743177,2023-02-23T09:37:26,2023-02-23
NIFTY23FEB17400PE,,2023-02-23,NSE,FO,,sell,false,100.000000,16.150000,88127412,1100000017900277,2023-02-23T09:38:05,2023-02-23
NIFTY23FEB17400CE,,2023-02-23,NSE,FO,,buy,false,100.000000,118.000000,2289371,1000000015595827,2023-02-23T09:42:13,2023-02-23
NIFTY23FEB17400CE,,2023-02-23,NSE,FO,,sell,false,50.000000,114.000000,2307089,1000000015660194,2023-02-23T09:42:38,2023-02-23
NIFTY23FEB17400CE,,2023-02-23,NSE,FO,,sell,false,50.000000,114.000000,2307090,1000000015660194,2023-02-23T09:42:38,2023-02-23
NIFTY23FEB17500PE,,2023-02-23,NSE,FO,,buy,false,100.000000,56.450000,88375361,1100000020996964,2023-02-23T09:43:44,2023-02-23
NIFTY23FEB17500PE,,2023-02-23,NSE,FO,,sell,false,100.000000,60.950000,88546934,1100000021277433,2023-02-23T09:45:39,2023-02-23
NIFTY23FEB17600PE,,2023-02-23,NSE,FO,,buy,false,100.000000,43.800000,91036414,1100000046788498,2023-02-23T10:18:26,2023-02-23
NIFTY23FEB17600PE,,2023-02-23,NSE,FO,,sell,false,100.000000,39.950000,91076202,1100000046916011,2023-02-23T10:19:53,2023-02-23
NIFTY23FEB17600PE,,2023-02-23,NSE,FO,,buy,false,100.000000,43.550000,91112088,1100000047846891,2023-02-23T10:21:01,2023-02-23
NIFTY23FEB17600PE,,2023-02-23,NSE,FO,,sell,false,100.000000,41.500000,91307566,1100000047997351,2023-02-23T10:27:29,2023-02-23
NIFTY23FEB17600CE,,2023-02-23,NSE,FO,,buy,false,50.000000,38.700000,5782234,1000000042608621,2023-02-23T10:27:55,2023-02-23
NIFTY23FEB17600CE,,2023-02-23,NSE,FO,,buy,false,150.000000,38.800000,5782235,1000000042608621,2023-02-23T10:27:55,2023-02-23
NIFTY23FEB17600CE,,2023-02-23,NSE,FO,,sell,false,200.000000,44.300000,5871952,1000000042795991,2023-02-23T10:29:31,2023-02-23
NIFTY23FEB17500CE,,2023-02-23,NSE,FO,,buy,false,50.000000,77.200000,7757759,1000000059227893,2023-02-23T11:05:32,2023-02-23
NIFTY23FEB17500CE,,2023-02-23,NSE,FO,,sell,false,50.000000,83.900000,7844418,1000000059368365,2023-02-23T11:07:32,2023-02-23
NIFTY23FEB17500CE,,2023-02-23,NSE,FO,,buy,false,100.000000,87.750000,9516065,1000000075338699,2023-02-23T11:58:23,2023-02-23
NIFTY23FEB17500CE,,2023-02-23,NSE,FO,,sell,false,100.000000,85.050000,9567966,1000000075391796,2023-02-23T12:01:11,2023-02-23
NIFTY23FEB17500CE,,2023-02-23,NSE,FO,,buy,false,50.000000,92.950000,9632938,1000000076594372,2023-02-23T12:04:21,2023-02-23
NIFTY23FEB17500CE,,2023-02-23,NSE,FO,,buy,false,50.000000,92.950000,9632939,1000000076594372,2023-02-23T12:04:21,2023-02-23
NIFTY23FEB17500CE,,2023-02-23,NSE,FO,,sell,false,100.000000,87.950000,9646138,1000000076701160,2023-02-23T12:04:41,2023-02-23
NIFTY23FEB17700PE,,2023-02-23,NSE,FO,,buy,false,50.000000,134.250000,94821970,1100000090061046,2023-02-23T12:07:12,2023-02-23
NIFTY23FEB17700PE,,2023-02-23,NSE,FO,,sell,false,50.000000,151.750000,95000128,1100000090231330,2023-02-23T12:10:17,2023-02-23
NIFTY23FEB17500CE,,2023-02-23,NSE,FO,,buy,false,50.000000,69.100000,10291033,1000000082159794,2023-02-23T12:22:02,2023-02-23
NIFTY23FEB17500CE,,2023-02-23,NSE,FO,,buy,false,50.000000,69.150000,10291034,1000000082159794,2023-02-23T12:22:02,2023-02-23
NIFTY23FEB17500CE,,2023-02-23,NSE,FO,,sell,false,100.000000,64.000000,10366971,1000000082246172,2023-02-23T12:25:01,2023-02-23
NIFTY23FEB17500CE,,2023-02-23,NSE,FO,,buy,false,100.000000,68.650000,10430040,1000000083400907,2023-02-23T12:27:22,2023-02-23
NIFTY23FEB17500CE,,2023-02-23,NSE,FO,,sell,false,50.000000,64.000000,10497160,1000000083550112,2023-02-23T12:30:02,2023-02-23
NIFTY23FEB17500CE,,2023-02-23,NSE,FO,,sell,false,50.000000,64.000000,10497161,1000000083550112,2023-02-23T12:30:02,2023-02-23
NIFTY23FEB17600PE,,2023-02-23,NSE,FO,,buy,false,50.000000,62.450000,95658871,1100000099075438,2023-02-23T12:32:02,2023-02-23
NIFTY23FEB17600PE,,2023-02-23,NSE,FO,,buy,false,50.000000,62.500000,95658872,1100000099075438,2023-02-23T12:32:02,2023-02-23
NIFTY23FEB17600PE,,2023-02-23,NSE,FO,,sell,false,100.000000,71.600000,95786886,1100000099180332,2023-02-23T12:33:33,2023-02-23
NIFTY23FEB17400CE,,2023-02-23,NSE,FO,,buy,false,50.000000,140.500000,11321253,1000000090019569,2023-02-23T12:51:08,2023-02-23
NIFTY23FEB17400CE,,2023-02-23,NSE,FO,,sell,false,50.000000,152.700000,11862986,1000000090118260,2023-02-23T13:01:05,2023-02-23
NIFTY23FEB17700PE,,2023-02-23,NSE,FO,,buy,false,50.000000,122.850000,97362763,1100000115015519,2023-02-23T13:12:37,2023-02-23
NIFTY23FEB17700PE,,2023-02-23,NSE,FO,,sell,false,50.000000,128.650000,97458107,1100000115060724,2023-02-23T13:15:27,2023-02-23
NIFTY2330217600CE,,2023-02-24,NSE,FO,,buy,false,100.000000,97.450000,1030788,1000000011333334,2023-02-24T09:36:06,2023-03-02
NIFTY2330217600CE,,2023-02-24,NSE,FO,,sell,false,100.000000,92.000000,1127246,1000000011432114,2023-02-24T09:41:23,2023-03-02
NIFTY2330217600CE,,2023-02-24,NSE,FO,,buy,false,50.000000,82.900000,1344314,1000000016079414,2023-02-24T09:50:30,2023-03-02
NIFTY2330217600CE,,2023-02-24,NSE,FO,,sell,false,50.000000,80.000000,1361996,1000000016130410,2023-02-24T09:51:08,2023-03-02
NIFTY2330217600CE,,2023-02-24,NSE,FO,,buy,false,100.000000,82.900000,1406577,1000000016873579,2023-02-24T09:52:38,2023-03-02
NIFTY2330217600CE,,2023-02-24,NSE,FO,,sell,false,100.000000,89.400000,1469751,1000000017025288,2023-02-24T09:54:29,2023-03-02
NIFTY2330217600PE,,2023-02-24,NSE,FO,,buy,false,50.000000,122.300000,87522626,1100000025816481,2023-02-24T10:06:47,2023-03-02
NIFTY2330217600PE,,2023-02-24,NSE,FO,,sell,false,50.000000,129.100000,87558310,1100000025892195,2023-02-24T10:08:29,2023-03-02
NIFTY2330217600PE,,2023-02-24,NSE,FO,,buy,false,50.000000,123.200000,87717673,1100000029857492,2023-02-24T10:19:29,2023-03-02
NIFTY2330217600PE,,2023-02-24,NSE,FO,,sell,false,50.000000,116.000000,87729534,1100000029951800,2023-02-24T10:20:28,2023-03-02
NIFTY2330217600PE,,2023-02-24,NSE,FO,,buy,false,50.000000,121.350000,87770126,1100000031080692,2023-02-24T10:24:31,2023-03-02
NIFTY2330217600PE,,2023-02-24,NSE,FO,,sell,false,50.000000,122.200000,87786387,1100000031117210,2023-02-24T10:25:59,2023-03-02
NIFTY2330217600PE,,2023-02-24,NSE,FO,,buy,false,50.000000,128.600000,87814466,1100000032074137,2023-02-24T10:28:05,2023-03-02
NIFTY2330217600PE,,2023-02-24,NSE,FO,,sell,false,50.000000,122.650000,87896613,1100000032163198,2023-02-24T10:32:10,2023-03-02
NIFTY2330217600PE,,2023-02-24,NSE,FO,,buy,false,50.000000,137.100000,88003516,1100000035478786,2023-02-24T10:37:10,2023-03-02
NIFTY2330217600PE,,2023-02-24,NSE,FO,,buy,false,50.000000,137.100000,88003517,1100000035478786,2023-02-24T10:37:10,2023-03-02
NIFTY2330217600PE,,2023-02-24,NSE,FO,,sell,false,100.000000,133.000000,88039195,1100000035600196,2023-02-24T10:38:43,2023-03-02
NIFTY2330217600CE,,2023-02-24,NSE,FO,,buy,false,100.000000,84.200000,2355876,1000000030533420,2023-02-24T10:41:11,2023-03-02
NIFTY2330217600CE,,2023-02-24,NSE,FO,,sell,false,50.000000,82.000000,2425567,1000000030618713,2023-02-24T10:44:19,2023-03-02
NIFTY2330217600CE,,2023-02-24,NSE,FO,,sell,false,50.000000,82.000000,2425566,1000000030618713,2023-02-24T10:44:19,2023-03-02
NIFTY2330217600PE,,2023-02-24,NSE,FO,,buy,false,100.000000,136.900000,88184975,1100000038394737,2023-02-24T10:45:58,2023-03-02
NIFTY2330217600PE,,2023-02-24,NSE,FO,,sell,false,100.000000,134.000000,88231077,1100000038513798,2023-02-24T10:47:41,2023-03-02
NIFTY2330217500PE,,2023-02-24,NSE,FO,,buy,false,100.000000,110.600000,89552596,1100000062512792,2023-02-24T12:14:56,2023-03-02
NIFTY2330217500PE,,2023-02-24,NSE,FO,,sell,false,100.000000,117.800000,89713221,1100000062600977,2023-02-24T12:20:45,2023-03-02
NIFTY2330217500CE,,2023-02-24,NSE,FO,,buy,false,50.000000,85.700000,5662695,1000000077660048,2023-02-24T14:25:13,2023-03-02
NIFTY2330217500CE,,2023-02-24,NSE,FO,,sell,false,50.000000,80.000000,5688382,1000000077728622,2023-02-24T14:27:48,2023-03-02
NIFTY2330217500CE,,2023-02-24,NSE,FO,,buy,false,100.000000,83.900000,5710081,1000000078534742,2023-02-24T14:29:38,2023-03-02
NIFTY2330217500CE,,2023-02-24,NSE,FO,,sell,false,100.000000,89.950000,5782295,1000000078612675,2023-02-24T14:35:07,2023-03-02
NIFTY2330217300PE,,2023-02-27,NSE,FO,,buy,false,100.000000,40.350000,87044680,1100000012259176,2023-02-27T09:30:44,2023-03-02
NIFTY2330217300PE,,2023-02-27,NSE,FO,,sell,false,100.000000,38.050000,87191354,1100000012431915,2023-02-27T09:34:00,2023-03-02
NIFTY2330217500CE,,2023-02-27,NSE,FO,,buy,false,100.000000,61.950000,1686906,1000000016388423,2023-02-27T09:44:04,2023-03-02
NIFTY2330217500CE,,2023-02-27,NSE,FO,,sell,false,50.000000,57.000000,1797189,1000000016535057,2023-02-27T09:46:42,2023-03-02
NIFTY2330217500CE,,2023-02-27,NSE,FO,,sell,false,50.000000,57.000000,1797190,1000000016535057,2023-02-27T09:46:42,2023-03-02
NIFTY2330217300PE,,2023-02-27,NSE,FO,,buy,false,100.000000,53.150000,87857350,1100000024102406,2023-02-27T09:50:50,2023-03-02
NIFTY2330217300PE,,2023-02-27,NSE,FO,,sell,false,100.000000,50.000000,87866831,1100000024219958,2023-02-27T09:51:13,2023-03-02
NIFTY2330217300PE,,2023-02-27,NSE,FO,,buy,false,50.000000,54.250000,87887562,1100000024597070,2023-02-27T09:52:03,2023-03-02
NIFTY2330217300PE,,2023-02-27,NSE,FO,,buy,false,50.000000,54.250000,87887561,1100000024597070,2023-02-27T09:52:03,2023-03-02
NIFTY2330217300PE,,2023-02-27,NSE,FO,,sell,false,50.000000,60.500000,88132572,1100000024712705,2023-02-27T09:58:22,2023-03-02
NIFTY2330217300PE,,2023-02-27,NSE,FO,,sell,false,50.000000,60.500000,88132573,1100000024712705,2023-02-27T09:58:22,2023-03-02
NIFTY2330217400CE,,2023-02-27,NSE,FO,,buy,false,100.000000,72.950000,2592113,1000000026911094,2023-02-27T10:11:21,2023-03-02
NIFTY2330217400CE,,2023-02-27,NSE,FO,,sell,false,100.000000,70.000000,2603981,1000000026956306,2023-02-27T10:12:01,2023-03-02
NIFTY2330217300PE,,2023-02-27,NSE,FO,,buy,false,100.000000,86.000000,89335278,1100000043757226,2023-02-27T10:36:43,2023-03-02
NIFTY2330217300PE,,2023-02-27,NSE,FO,,sell,false,100.000000,83.000000,89347611,1100000043917616,2023-02-27T10:37:14,2023-03-02
NIFTY2330217300PE,,2023-02-27,NSE,FO,,buy,false,100.000000,85.300000,89410448,1100000045114727,2023-02-27T10:41:22,2023-03-02
NIFTY2330217300PE,,2023-02-27,NSE,FO,,sell,false,100.000000,80.050000,89453317,1100000045186020,2023-02-27T10:43:56,2023-03-02
NIFTY2330217400CE,,2023-02-27,NSE,FO,,buy,false,100.000000,70.500000,3219435,1000000034086011,2023-02-27T10:44:02,2023-03-02
NIFTY2330217400CE,,2023-02-27,NSE,FO,,sell,false,100.000000,66.000000,3281272,1000000034206160,2023-02-27T10:49:56,2023-03-02
NIFTY2330217300PE,,2023-02-27,NSE,FO,,buy,false,100.000000,84.200000,89570467,1100000048380678,2023-02-27T10:53:03,2023-03-02
NIFTY2330217300PE,,2023-02-27,NSE,FO,,sell,false,100.000000,79.000000,89639549,1100000048490031,2023-02-27T10:55:42,2023-03-02
NIFTY2330217300PE,,2023-02-27,NSE,FO,,buy,false,100.000000,62.150000,90245421,1100000059166315,2023-02-27T11:27:21,2023-03-02
NIFTY2330217300PE,,2023-02-27,NSE,FO,,sell,false,100.000000,59.000000,90407180,1100000059248648,2023-02-27T11:37:06,2023-03-02
AMBUJACEM23MAR300PE,,2023-02-27,NSE,FO,,buy,false,1800.000000,4.700000,975344118,2500000061736648,2023-02-27T11:58:35,2023-03-29
AMBUJACEM23MAR300PE,,2023-02-27,NSE,FO,,sell,false,1800.000000,5.650000,975371219,2500000067833199,2023-02-27T12:14:12,2023-03-29
NIFTY2330217300PE,,2023-02-27,NSE,FO,,buy,false,100.000000,68.400000,91813755,1100000086030174,2023-02-27T13:07:44,2023-03-02
NIFTY2330217300PE,,2023-02-27,NSE,FO,,sell,false,50.000000,77.850000,92129476,1100000086071199,2023-02-27T13:17:50,2023-03-02
NIFTY2330217300PE,,2023-02-27,NSE,FO,,sell,false,50.000000,77.850000,92129477,1100000086071199,2023-02-27T13:17:50,2023-03-02
NIFTY2330217300PE,,2023-02-28,NSE,FO,,buy,false,50.000000,39.550000,86419866,1100000004348997,2023-02-28T09:21:42,2023-03-02
NIFTY2330217300PE,,2023-02-28,NSE,FO,,buy,false,50.000000,39.550000,86419865,1100000004348997,2023-02-28T09:21:42,2023-03-02
NIFTY2330217300PE,,2023-02-28,NSE,FO,,sell,false,100.000000,43.300000,86471597,1100000004557421,2023-02-28T09:22:49,2023-03-02
NIFTY2330217500CE,,2023-02-28,NSE,FO,,buy,false,100.000000,50.900000,768115,1000000007168579,2023-02-28T09:28:23,2023-03-02
NIFTY2330217500CE,,2023-02-28,NSE,FO,,sell,false,100.000000,48.650000,809087,1000000007313070,2023-02-28T09:29:44,2023-03-02
NIFTY2330217500CE,,2023-02-28,NSE,FO,,buy,false,100.000000,51.900000,846676,1000000008299297,2023-02-28T09:31:01,2023-03-02
NIFTY2330217500CE,,2023-02-28,NSE,FO,,sell,false,50.000000,49.000000,1385079,1000000008563743,2023-02-28T09:45:17,2023-03-02
NIFTY2330217500CE,,2023-02-28,NSE,FO,,sell,false,50.000000,49.000000,1385080,1000000008563743,2023-02-28T09:45:17,2023-03-02
NIFTY2330217400PE,,2023-02-28,NSE,FO,,buy,false,50.000000,61.250000,87243972,1100000017423538,2023-02-28T09:47:48,2023-03-02
NIFTY2330217400PE,,2023-02-28,NSE,FO,,buy,false,50.000000,61.250000,87243973,1100000017423538,2023-02-28T09:47:48,2023-03-02
NIFTY2330217400PE,,2023-02-28,NSE,FO,,sell,false,100.000000,80.900000,87768131,1100000017497940,2023-02-28T10:07:06,2023-03-02
NIFTY2330217400PE,,2023-02-28,NSE,FO,,buy,false,100.000000,90.400000,90641985,1100000064571298,2023-02-28T12:48:30,2023-03-02
NIFTY2330217400PE,,2023-02-28,NSE,FO,,sell,false,100.000000,99.050000,90784051,1100000064603500,2023-02-28T12:55:14,2023-03-02
NIFTY2330217400CE,,2023-02-28,NSE,FO,,buy,false,100.000000,63.450000,5179417,1000000057974274,2023-02-28T13:08:58,2023-03-02
NIFTY2330217400CE,,2023-02-28,NSE,FO,,sell,false,50.000000,60.000000,5217749,1000000058047711,2023-02-28T13:11:39,2023-03-02
NIFTY2330217400CE,,2023-02-28,NSE,FO,,sell,false,50.000000,60.000000,5217748,1000000058047711,2023-02-28T13:11:39,2023-03-02
NIFTY2330217400PE,,2023-02-28,NSE,FO,,buy,false,100.000000,102.100000,91181560,1100000072778497,2023-02-28T13:25:08,2023-03-02
NIFTY2330217400PE,,2023-02-28,NSE,FO,,sell,false,100.000000,104.000000,91243160,1100000073030691,2023-02-28T13:26:24,2023-03-02
NIFTY2330217400CE,,2023-02-28,NSE,FO,,buy,false,50.000000,56.950000,5609594,1000000063784785,2023-02-28T13:35:57,2023-03-02
NIFTY2330217400CE,,2023-02-28,NSE,FO,,sell,false,50.000000,51.400000,5645330,1000000063931922,2023-02-28T13:38:06,2023-03-02
NIFTY2330217400PE,,2023-02-28,NSE,FO,,buy,false,50.000000,110.400000,91649330,1100000079213029,2023-02-28T13:45:26,2023-03-02
NIFTY2330217400PE,,2023-02-28,NSE,FO,,buy,false,50.000000,110.350000,91649329,1100000079213029,2023-02-28T13:45:26,2023-03-02
NIFTY2330217400PE,,2023-02-28,NSE,FO,,sell,false,100.000000,106.800000,91733971,1100000079380503,2023-02-28T13:47:55,2023-03-02
